Name,Author,Publisher,Rating,Review Count,Sale Rank,Original Price,Sale Price,category
소년이 온다,한강 저,창비,9.6,"1,555","| 판매지수 6,282,045 판매지수란?","15,000원","13,500원",한국소설
채식주의자,한강 저,창비,9.1,403,"| 판매지수 5,426,508 판매지수란?","15,000원","13,500원",한국소설
작별하지 않는다,한강 저,문학동네,9.4,757,"| 판매지수 4,399,746 판매지수란?","16,800원","15,120원",한국소설
서랍에 저녁을 넣어 두었다,한강 저,문학과지성사,9.5,291,"| 판매지수 1,617,921 판매지수란?","12,000원","10,800원",시/희곡
흰,한강 저/최진혁 사진,문학동네,9.5,164,"| 판매지수 1,714,047 판매지수란?","14,500원","13,050원",한국소설
희랍어 시간,한강 저,문학동네,9.1,260,"| 판매지수 815,823 판매지수란?","13,000원","11,700원",한국소설
트렌드 코리아 2025,"김난도, 전미영, 최지혜, 권정윤, 한다혜 저 외 5명 정보 더 보기/감추기",미래의창,9.5,92,"| 판매지수 513,549 판매지수란?","20,000원","18,000원",경제
하루 한 장 나의 어휘력을 위한 필사 노트,유선경 저,위즈덤하우스,9.6,391,"| 판매지수 688,803 판매지수란?","23,800원","21,420원",글쓰기
디 에센셜 한강,한강 저,문학동네,9.9,44,"| 판매지수 326,274 판매지수란?","17,000원","15,300원",시/희곡
넥서스,유발 하라리 저/김명주 역,김영사,9.0,23,"| 판매지수 173,208 판매지수란?","27,800원","25,020원",인문/교양
"바람이 분다, 가라",한강 저,문학과지성사,9.4,85,"| 판매지수 235,419 판매지수란?","14,000원","12,600원",한국소설
작은 땅의 야수들,김주혜 저/박소현 역,다산책방,9.3,515,"| 판매지수 148,875 판매지수란?","18,000원","16,200원",영미소설
여수의 사랑,한강 저,문학과지성사,9.7,12,"| 판매지수 186,957 판매지수란?","16,000원","14,400원",한국소설
생각의 연금술,"제임스 알렌 저/하와이 대저택 편/송은선, 함희영 역",포레스트북스,9.2,66,"| 판매지수 193,677 판매지수란?","19,800원","17,820원",처세술/삶의 자...
모순,양귀자 저,쓰다,9.6,"1,181","| 판매지수 398,628 판매지수란?","13,000원","11,700원",한국소설
박태웅의 AI 강의 2025,박태웅 저,한빛비즈,9.4,70,"| 판매지수 138,678 판매지수란?","18,800원","16,920원",경제
언젠가 우리가 같은 별을 바라본다면,차인표 저,해결책,9.8,295,"| 판매지수 369,249 판매지수란?","12,000원","10,800원",청소년 문학
원피스 ONE PIECE 109,오다 에이이치로 글그림,대원,10.0,1,"| 판매지수 70,422 판매지수란?","6,000원","5,400원",액션
눈물 상자,한강 저,문학동네,9.3,27,"| 판매지수 154,908 판매지수란?","10,000원","9,000원",테마소설
어른의 어휘 일력 365,"서선행, 이은정 저",윌마,9.9,28,"| 판매지수 101,718 판매지수란?","22,000원","19,800원",인문/교양
너에게 들려주는 단단한 말,김종원 저,퍼스트펭귄,9.8,155,"| 판매지수 348,486 판매지수란?","18,000원","16,200원",청소년 문학
세이노의 가르침,세이노(SayNo) 저,데이원,9.0,"2,530","| 판매지수 882,225 판매지수란?","7,200원","6,480원",처세술/삶의 자...
주아쌤의 툭 치면 탁 나오는 영어회화 (특별부록 한정판),이정은 저,몽스북,9.8,164,"| 판매지수 106,518 판매지수란?","18,800원","16,920원",영어
고전이 답했다 마땅히 살아야 할 삶에 대하여,고명환 저,라곰,9.6,248,"| 판매지수 243,588 판매지수란?","16,800원","15,120원",처세술/삶의 자...
고양이 해결사 깜냥 7,홍민정 글/김재희 그림,창비,9.8,42,"| 판매지수 142,542 판매지수란?","14,000원","12,600원",1-2학년
시대예보 : 호명사회,송길영 저,교보문고,9.5,77,"| 판매지수 142,782 판매지수란?","22,000원","19,800원",경제
얼굴만으론 좋아할 수 없어요 11 더블특장판,안자이 카린 글그림/이소연 역,서울미디어코믹스(서울문화사),9.5,12,"| 판매지수 28,860 판매지수란?","6,000원","5,400원",로맨스
ETS 토익 정기시험 기출문제집 1000 Vol. 4 RC,ETS 저,YBM(와이비엠),9.7,245,"| 판매지수 476,763 판매지수란?","19,800원","17,820원",영어
ETS 토익 정기시험 기출문제집 1000 Vol. 4 LC,ETS 저,YBM(와이비엠),9.8,216,"| 판매지수 450,882 판매지수란?","19,800원","17,820원",영어
사랑 후에 오는 것들 세트,"공지영, 츠지 히토나리 저/김훈아 역",소담출판사,9.8,35,"| 판매지수 71,622 판매지수란?","34,000원","30,600원",장르소설
불변의 법칙,모건 하우절 저/이수경 역,서삼독,9.5,505,"| 판매지수 612,123 판매지수란?","25,000원","22,500원",투자/재테크
통곡하고 싶었지만,이순희 저,빨간소금,10.0,3,"| 판매지수 15,618 판매지수란?","18,000원","16,200원",감성/가족 에세...
퓨처 셀프 30만 부 기념 스페셜 에디션,벤저민 하디 저/최은아 역,상상스퀘어,8.0,4,"| 판매지수 38,910 판매지수란?","22,000원","19,800원",성공학/경력관리
흔한남매 17,흔한남매 원저/백난도 글/유난희 그림/흔한컴퍼니 감수,미래엔아이세움,9.6,154,"| 판매지수 158,523 판매지수란?","15,800원","14,220원",1-2학년
우주맘의 사계절 튼튼 면역력 유아식,김슬기 저/조한경 감수,쌤앤파커스,10.0,3,"| 판매지수 25,560 판매지수란?","18,500원","16,650원",요리
진짜 하루만에 이해하는 제약·바이오 산업,강하나 저,티더블유아이지,10.0,3,"| 판매지수 51,231 판매지수란?","24,800원","22,320원",투자/재테크
만화로 보는 3분 철학 1,김재훈 글그림/서정욱 글,카시오페아,9.4,131,"| 판매지수 200,703 판매지수란?","16,000원","14,400원",철학/사상
급류,정대건 저,민음사,9.2,83,"| 판매지수 97,839 판매지수란?","14,000원","12,600원",한국소설
내 여자의 열매,한강 저,문학과지성사,10.0,12,"| 판매지수 95,541 판매지수란?","14,000원","12,600원",한국소설
검은 사슴,한강 저,문학동네,9.5,37,"| 판매지수 109,143 판매지수란?","15,500원","13,950원",한국소설
성적을 부탁해 티처스,"정승제, 조정식, 〈성적을 부탁해 티처스〉 제작팀 저",다산에듀,,,"| 판매지수 46,416 판매지수란?","22,000원","19,800원",자녀교육
난독의 계절,고정순 글그림,길벗어린이,9.8,10,"| 판매지수 9,609 판매지수란?","20,000원","18,000원",4-6세
마법천자문 64,알에스미디어 글/정수영 그림/강용철 감수,아울북,10.0,13,"| 판매지수 54,588 판매지수란?","15,800원","14,220원",1-2학년
동사×전치사 도감,권은희 저,길벗이지톡,9.5,15,"| 판매지수 45,621 판매지수란?","19,800원","17,820원",영어
영원한 천국,정유정 저,은행나무,9.5,183,"| 판매지수 194,469 판매지수란?","19,800원","17,820원",한국소설
대도시의 사랑법,박상영 저,창비,8.9,195,"| 판매지수 67,611 판매지수란?","15,000원","13,500원",한국소설
최강록의 요리 노트,최강록 저,클,9.7,20,"| 판매지수 67,836 판매지수란?","16,800원","15,120원",요리
불안 세대,조너선 하이트 저/이충호 역,웅진지식하우스,9.8,124,"| 판매지수 160,479 판매지수란?","24,800원","22,320원",심리
마흔에 읽는 쇼펜하우어 (200쇄 기념 확장판),강용수 저,유노북스,8.7,663,"| 판매지수 953,313 판매지수란?","17,000원","15,300원",인문/교양
설민석의 삼국지 대모험 19,단꿈아이 글/스튜디오 담 그림/남이담 편,단꿈아이,10.0,34,"| 판매지수 25,341 판매지수란?","12,000원","10,800원",3-4학년
흔한남매의 흔한 호기심 12,"흔한남매 원저/안치현 글/유난희 그림/이정모, 흔한컴퍼니 감수",미래엔아이세움,10.0,65,"| 판매지수 63,771 판매지수란?","15,000원","13,500원",1-2학년
즐거운 어른,이옥선 저,이야기장수,9.6,70,"| 판매지수 106,629 판매지수란?","16,800원","15,120원",한국 에세이
돈의 심리학 (30만 부 기념 스페셜 에디션),모건 하우절 저/이지연 역,인플루엔셜,9.3,981,"| 판매지수 310,128 판매지수란?","19,800원","17,820원",투자/재테크
이중 하나는 거짓말,김애란 저,문학동네,9.4,238,"| 판매지수 162,423 판매지수란?","16,000원","14,400원",한국소설
딱 1억만 모읍시다,김경필 저,경이로움,9.8,10,"| 판매지수 26,745 판매지수란?","18,000원","16,200원",투자/재테크
국가는 왜 실패하는가,"대런 아세모글루, 제임스 A. 로빈슨 저/최완규 역/장경덕 감수",시공사,9.2,129,"| 판매지수 55,473 판매지수란?","28,000원","25,200원",사회비평/비판
좋은 사람 되려다 쉬운 사람 되지 마라,이남훈 저,페이지2북스,9.9,34,"| 판매지수 62,760 판매지수란?","18,000원","16,200원",동양철학
구의 증명,최진영 저,은행나무,9.0,293,"| 판매지수 193,905 판매지수란?","12,000원","10,800원",한국소설
노랑무늬영원,한강 저,문학과지성사,9.7,18,"| 판매지수 83,079 판매지수란?","14,000원","12,600원",한국소설
긴긴밤,루리 글그림,문학동네,9.8,"1,385","| 판매지수 246,276 판매지수란?","11,500원","10,350원",5-6학년
시한부,백은별 저,바른북스,9.3,59,"| 판매지수 94,968 판매지수란?","16,800원","15,120원",청소년 문학
월급 200만 원으로 10억 만드는 투자 공식,김동면 저,길벗,9.4,28,"| 판매지수 51,471 판매지수란?","21,000원","18,900원",투자/재테크
카구라바치 2 더블특전판,호카조노 타케루 글그림,대원,,,"| 판매지수 54,435 판매지수란?","6,500원","5,850원",액션
전제의 법칙,네빌 고다드 저,서른세개의계단,10.0,23,"| 판매지수 28,716 판매지수란?","12,500원","11,250원",성공학/경력관리
365 느리게 나이 드는 습관 일력,정희원 저,한빛라이프,,지역변경,"| 판매지수 14,670 판매지수란?","22,000원","19,800원",건강에세이/건강...
해커스 토익 기출 VOCA (보카),David Cho 저,해커스어학연구소,9.5,980,"| 판매지수 326,805 판매지수란?","12,900원","11,610원",영어
부자의 언어 (양장 리커버 골드씨드 에디션),존 소포릭 저/이한이 역,윌북(willbook),9.6,71,"| 판매지수 115,275 판매지수란?","19,800원","17,820원",투자/재테크
천둥 꼬마 선녀 번개 꼬마 선녀,한강 글/진태람 그림,문학동네,8.3,8,"| 판매지수 38,538 판매지수란?","13,500원","12,150원",4-6세
죽이고 싶은 아이 2,이꽃님 저,우리학교,9.7,127,"| 판매지수 161,661 판매지수란?","14,000원","12,600원",청소년 문학
"운명이 건네는 호의, Favor","이서윤, 홍주연 저",화이트오션,9.8,72,"| 판매지수 58,461 판매지수란?","22,000원","19,800원",처세술/삶의 자...
홍학의 자리,정해연 저,엘릭시르,9.3,635,"| 판매지수 113,007 판매지수란?","14,000원","12,600원",한국소설
만화로 보는 3분 철학 2,김재훈 글그림/서정욱 글,카시오페아,9.6,71,"| 판매지수 119,298 판매지수란?","16,800원","15,120원",철학/사상
그대의 차가운 손,한강 저,문학과지성사,8.3,45,"| 판매지수 74,730 판매지수란?","14,000원","12,600원",한국소설
채사장의 지대넓얕 11 : 시공간의 비밀,"채사장, 마케마케 글/정용환 그림",돌핀북,10.0,11,"| 판매지수 40,068 판매지수란?","15,000원","13,500원",5-6학년
쇼펜하우어 인생수업 : 한 번뿐인 삶 이렇게 살아라,쇼펜하우어 저 / 김지민 편,하이스트,9.2,58,"| 판매지수 131,586 판매지수란?","17,500원","15,750원",인문/교양
와일드 로봇,피터 브라운 글그림/엄혜숙 역,거북이북스,9.8,51,"| 판매지수 54,885 판매지수란?","14,800원","13,320원",3-4학년
사피엔스 : 그래픽 히스토리 Vol.1,유발 하라리 원저/다니엘 카사나브 그림/다비드 반데르묄렝 편/김명주 역,김영사,9.7,131,"| 판매지수 122,295 판매지수란?","17,800원","16,020원",인문/교양
낭만 강아지 봉봉 7,홍민정 글/김무연 그림,다산어린이,,지역변경,"| 판매지수 12,780 판매지수란?","13,000원","11,700원",1-2학년
만화로 보는 3분 철학 3,김재훈 글그림/서정욱 글,카시오페아,9.8,76,"| 판매지수 114,033 판매지수란?","16,800원","15,120원",철학/사상
코스모스,칼 에드워드 세이건 저/홍승수 역,사이언스북스,9.6,"1,969","| 판매지수 194,727 판매지수란?","19,900원","17,910원",천문학
찬란한 멸종,이정모 저,다산북스,9.4,63,"| 판매지수 119,865 판매지수란?","21,000원","18,900원",생명과학
빨간내복야코 안 읽으면 완전 위험한 과학책 1,"빨간내복야코 원저/박종은 글/이영아 그림/홍승범, 샌드박스 네트워크 감수",위즈덤하우스,10.0,8,"| 판매지수 20,658 판매지수란?","15,000원","13,500원",1-2학년
데일 카네기 인간관계론 (50만부 돌파 초판 무삭제 완역본),데일 카네기 저/임상훈 역,현대지성,9.6,"1,134","| 판매지수 228,507 판매지수란?","11,500원","10,350원",인간관계
머니 트렌드 2025,"정태익, 김도윤, 김광석, 김용섭, 김현준 저 외 3명 정보 더 보기/감추기",북모먼트,9.7,36,"| 판매지수 49,215 판매지수란?","25,000원","22,500원",경제
나의 인생만사 답사기,유홍준 저,창비,,친필 문진은 11/6 재선택 가능합니다.,"| 판매지수 12,420 판매지수란?","22,000원","19,800원",한국 에세이
"디바인 매트릭스, 느낌이 현실이 된다",그렉 브레이든 저/김시현 역,김영사,9.6,28,"| 판매지수 23,004 판매지수란?","15,800원","14,220원",성공학/경력관리
봄의 폭풍과 몬스터 5,미츠바치 미유키 글그림,학산문화사,9.6,35,"| 판매지수 35,160 판매지수란?","6,000원","5,400원",로맨스
데미안,헤르만 헤세 저/전영애 역,민음사,9.2,962,"| 판매지수 129,699 판매지수란?","8,000원","7,200원",테마소설
압수수색,"김용진, 한상진, 봉지욱 저",뉴스타파,10.0,4,"| 판매지수 46,206 판매지수란?","18,000원","16,200원",언론학/미디어론
해커스 일본어 첫걸음 : 일본어 기초 20일 독학 완성!,해커스 일본어연구소 저,해커스어학연구소,9.7,197,"| 판매지수 164,064 판매지수란?","13,900원","12,510원",일본어
저속노화 식사법,정희원 저,테이스트북스,9.8,114,"| 판매지수 101,367 판매지수란?","19,000원","17,100원",건강에세이/건강...
세상의 마지막 기차역,무라세 다케시 저/김지연 역,모모,9.3,486,"| 판매지수 132,690 판매지수란?","14,000원","12,600원",장르소설
사피엔스,유발 하라리 저/조현욱 역/이태수 감수,김영사,9.5,"2,054","| 판매지수 156,348 판매지수란?","26,800원","24,120원",인문/교양
고양이의 순간들 세트,이용한 저,이야기장수,,,"| 판매지수 12,030 판매지수란?","43,000원","38,700원",동물 에세이
파친코 1,이민진 저/신승미 역,인플루엔셜,9.7,552,"| 판매지수 90,939 판매지수란?","15,800원","14,220원",영미소설
나를 소모하지 않는 현명한 태도에 관하여,마티아스 뇔케 저/이미옥 역,퍼스트펭귄,8.7,226,"| 판매지수 359,223 판매지수란?","17,800원","16,020원",인간관계
대온실 수리 보고서,김금희 저,창비,9.9,55,"| 판매지수 50,433 판매지수란?","18,000원","16,200원",한국소설
언제나 다정 죽집,우신영 글/서영 그림,비룡소,9.7,43,"| 판매지수 59,175 판매지수란?","15,000원","13,500원",3-4학년
당신이 누군가를 죽였다,히가시노 게이고 저/최고은 역,북다,9.4,175,"| 판매지수 132,489 판매지수란?","19,800원","17,820원",장르소설
영어로 문장 만들기 훈련 1차 임계점,유은하 저,사람in,9.7,52,"| 판매지수 67,344 판매지수란?","22,000원","19,800원",영어
내 몸 혁명,박용우 저,루미너스,9.7,128,"| 판매지수 203,295 판매지수란?","19,500원","17,550원",건강에세이/건강...
2025 체크업 늘봄행정실무사 경상북도교육청 교육공무직원 직무능력검사+전 직종 대비,취업채널 저,북스케치,,지역변경,"| 판매지수 12,690 판매지수란?","26,000원","23,400원",공무원
인간 실격,다자이 오사무 저,민음사,9.0,937,"| 판매지수 135,690 판매지수란?","9,000원","8,100원",일본소설
파친코 2,이민진 저/신승미 역,인플루엔셜,9.5,364,"| 판매지수 89,229 판매지수란?","15,800원","14,220원",영미소설
"2024 큰별쌤 최태성의 별별한국사 한국사능력검정시험 심화(1,2,3급) 상",최태성 저,이투스북,9.8,114,"| 판매지수 359,013 판매지수란?","16,000원","14,400원",한국사능력검정...
빛이 이끄는 곳으로,백희성 저,북로망스,9.6,103,"| 판매지수 93,336 판매지수란?","18,800원","16,920원",한국소설
진짜 쓰는 실무 엑셀,전진권 저,제이펍,9.8,303,"| 판매지수 167,271 판매지수란?","21,000원","18,900원",컴퓨터 입문/활...
리액트,네빌고다드 저 / 이상민 역,서른세개의계단,9.5,38,"| 판매지수 22,026 판매지수란?","12,500원","11,250원",성공학/경력관리
2025 써니 행정법총론 기출문제집,박준철 편저,지금(도서출판),10.0,58,"| 판매지수 69,456 판매지수란?","44,000원","39,600원",공무원
물고기는 존재하지 않는다,룰루 밀러 저/정지인 역,곰출판,9.0,"1,506","| 판매지수 175,548 판매지수란?","17,000원","15,300원",생명과학
이기적 유전자 The Selfish Gene,"리처드 도킨스 저/홍영남, 이상임 역",을유문화사,9.2,744,"| 판매지수 174,729 판매지수란?","20,000원","18,000원",생명과학
원의독백,임승원 저,필름,9.5,12,"| 판매지수 18,846 판매지수란?","19,800원","17,820원",한국 에세이
THE FOOD LAB 더 푸드 랩,J. 켄지 로페즈-알트 저/임현수 역/송윤형 감수,영진닷컴,9.8,401,"| 판매지수 53,403 판매지수란?","55,000원","49,500원",요리
드디어 만나는 심리학 수업,폴 클라인먼 저/문희경 역,현대지성,9.9,19,"| 판매지수 21,933 판매지수란?","16,900원","15,210원",심리
빨모쌤의 라이브 영어회화 (특별 부록 한정판),신용하 저,웅진지식하우스,9.7,290,"| 판매지수 207,171 판매지수란?","22,000원","19,800원",영어
부의 역설,강범구 저,국일미디어,9.9,43,"| 판매지수 63,090 판매지수란?","18,000원","16,200원",성공학/경력관리
총 균 쇠,재레드 다이아몬드 저/강주헌 역,김영사,9.8,246,"| 판매지수 156,069 판매지수란?","29,800원","26,820원",인문/교양
나는 미국 월배당 ETF로 40대에 은퇴한다,최영민 저,지음미디어,9.4,49,"| 판매지수 31,839 판매지수란?","18,800원","16,920원",투자/재테크
어린 왕자 오리지널 초판본,앙투안 드 생텍쥐페리 저/변광배 해설/김수영 역,코너스톤(도서),9.7,195,"| 판매지수 136,440 판매지수란?","5,800","3,300원",프랑스소설
내 이름은 태양꽃,한강 글/김세현 그림,문학동네,9.2,13,"| 판매지수 42,870 판매지수란?","8,500원","7,650원",테마소설
의사 어벤저스 20,고희정 글/조승연 그림/류정민 감수,가나출판사,10.0,2,"| 판매지수 17,352 판매지수란?","14,800원","13,320원",3-4학년
왜 당신은 다른 사람을 위해 살고 있는가,고윤 저,딥앤와이드,9.7,648,"| 판매지수 90,798 판매지수란?","14,000원","12,600원",인문/교양
가난한 찰리의 연감,찰리 멍거 저/김태훈 역/피터 코프먼 기획,김영사,10.0,4,"| 판매지수 10,290 판매지수란?","33,000원","29,700원",경영
세계를 건너 너에게 갈게,이꽃님 저,문학동네,9.6,532,"| 판매지수 123,438 판매지수란?","12,500원","11,250원",청소년 문학
부모의 어휘력,김종원 저,카시오페아,9.6,63,"| 판매지수 109,824 판매지수란?","19,000원","17,100원",자녀교육
사자왕 형제의 모험,아스트리드 린드그렌 글/일론 비클란드 그림/김경희 역,창비,9.3,56,"| 판매지수 36,366 판매지수란?","13,000원","11,700원",3-4학년
블루 아카이브 코믹 앤솔로지 4,NEXON GAMES 글그림/김덕진 역,디앤씨미디어(D&C미디어),10.0,19,"| 판매지수 20,778 판매지수란?","9,000원","8,100원",판타지
"2024 큰별쌤 최태성의 별별한국사 한국사능력검정시험 심화(1,2,3급) 하",최태성 저,이투스북,10.0,92,"| 판매지수 342,726 판매지수란?","15,500원","13,950원",한국사능력검정...
자본주의,"정지은, 고희정 저",가나출판사,9.5,836,"| 판매지수 168,222 판매지수란?","22,000원","19,800원",경제
매거진 조이 Vol.1 : 집이 없어,와난 글그림,다산코믹스,,,"| 판매지수 30,282 판매지수란?","21,000원","18,900원",웹툰
제로 투 원 리커버 에디션,"피터 틸, 블레이크 매스터스 저/이지연 역",한국경제신문사(한경비피),9.7,144,"| 판매지수 32,484 판매지수란?","18,000원","16,200원",경영
상처 받지 않는 영혼,마이클 싱어 저/이균형 역,라이팅하우스,9.6,332,"| 판매지수 42,546 판매지수란?","15,000원","13,500원",심리
월 300 만원 버는 주식 투자 공식,진서빈 저,이든하우스,9.6,22,"| 판매지수 32,649 판매지수란?","17,000원","15,300원",투자/재테크
돈의 속성 300쇄 리커버,김승호 저,스노우폭스북스,9.4,"1,701","| 판매지수 200,763 판매지수란?","17,800원","16,020원",투자/재테크
이처럼 사소한 것들,클레어 키건 저/홍한별 역,다산책방,9.6,440,"| 판매지수 319,668 판매지수란?","13,800원","12,420원",영미소설
거인들은 주역에서 답을 찾는다,오구라 고이치 저/류휘 역/김승호 감수,웅진지식하우스,9.7,18,"| 판매지수 26,934 판매지수란?","18,800원","16,920원",처세술/삶의 자...
행복의 기원,서은국 저,21세기북스,9.8,102,"| 판매지수 68,445 판매지수란?","22,000원","19,800원",심리
현명한 존재는 무리에 섞이지 않는다,귀스타브 르 봉 저/김진주 역,페이지2북스,9.8,33,"| 판매지수 22,890 판매지수란?","17,500원","15,750원",인문/교양
불편한 편의점,김호연 저,나무옆의자,9.5,"4,534","| 판매지수 164,727 판매지수란?","14,000원","12,600원",한국소설
1984,조지 오웰 저/정회성 역,민음사,9.5,559,"| 판매지수 77,631 판매지수란?","11,000원","9,900원",영미소설
1%를 읽는 힘,메르 저,토네이도,9.6,398,"| 판매지수 82,884 판매지수란?","22,000원","19,800원",CEO/비즈니스맨
싸우지 않고 이기는 기술,제이 하인리히 저/조용빈 역,토네이도,10.0,5,"| 판매지수 9,402 판매지수란?","19,800원","17,820원",처세술/삶의 자...
사피엔스 : 그래픽 히스토리 Vol.2,유발 하라리 원저/다니엘 카사나브 그림/다비드 반데르묄렝 편/김명주 역,김영사,9.6,58,"| 판매지수 74,322 판매지수란?","19,800원","17,820원",인문/교양
죽이고 싶은 아이,이꽃님 저,우리학교,9.5,331,"| 판매지수 141,822 판매지수란?","12,500원","11,250원",청소년 문학
아무도 상처받지 않는 대화법,하야시 겐타로 저/민혜진 역,포텐업,9.7,24,"| 판매지수 58,071 판매지수란?","16,800원","15,120원",인간관계
그릿 (50만 부 판매 기념 리커버 골드에디션),앤절라 더크워스 저/김미정 역,비즈니스북스,9.0,396,"| 판매지수 99,075 판매지수란?","18,000원","16,200원",성공학/경력관리
원더풀 랜드,더글라스 케네디 저/조동섭 역,밝은세상,9.8,31,"| 판매지수 13,572 판매지수란?","19,800원","17,820원",영미소설
믹스 MIX 22,아다치 미츠루 글그림,대원,10.0,2,"| 판매지수 8,880 판매지수란?","5,500원","4,950원",스포츠
사피엔스 : 그래픽 히스토리 Vol.3 역사의 배후,유발 하라리 저/다니엘 카사나브 그림/김명주 역,김영사,9.7,6,"| 판매지수 70,587 판매지수란?","19,800원","17,820원",인문/교양
어떤 비밀,최진영 저,난다,6.0,1,"| 판매지수 22,503 판매지수란?","17,000원","15,300원",한국 에세이
어차피 울 거라면 사랑이 좋아 1,쿠사카 아키 글그림,학산문화사,9.6,5,"| 판매지수 8,610 판매지수란?","6,000원","5,400원",로맨스
꽃을 보듯 너를 본다,나태주 저,지혜,9.5,834,"| 판매지수 113,340 판매지수란?","11,000원","9,900원",시/희곡
리얼리티 트랜서핑 1,바딤 젤란드 저/박인수 역,정신세계사,9.5,197,"| 판매지수 40,464 판매지수란?","11,000원","9,900원",처세술/삶의 자...
ETS 토익기출 파트별 VOCA 보카,ETS 저,YBM(와이비엠),9.7,166,"| 판매지수 191,415 판매지수란?","13,000원","11,700원",영어
해커스 토익 RC Reading(리딩) 기본서,David Cho 저,해커스어학연구소,9.8,189,"| 판매지수 184,164 판매지수란?","18,800원","16,920원",영어
부자 아빠 가난한 아빠 20주년 특별 기념판,로버트 기요사키 저/안진환 역,민음인,9.6,"1,780","| 판매지수 135,219 판매지수란?","17,000원","15,300원",투자/재테크
김재우의 영어회화 100,김재우 저,상상스퀘어,9.3,140,"| 판매지수 111,462 판매지수란?","22,000원","19,800원",영어
읽으면서 바로 써먹는 어린이 스도쿠 : 학교 괴담,한날 글그림,파란정원,10.0,23,"| 판매지수 39,498 판매지수란?","13,000원","11,700원",1-2학년
5만원 5일 집밥,지미테이블 저,길벗,9.8,10,"| 판매지수 9,174 판매지수란?","19,800원","17,820원",요리
한국인의 탄생,홍대선 저,메디치미디어,10.0,2,"| 판매지수 15,411 판매지수란?","20,000원","18,000원",인문/교양
김재우의 구동사 100,김재우 저,상상스퀘어,9.5,12,"| 판매지수 40,968 판매지수란?","25,000원","22,500원",영어
회복하는 인간,한강 저,아시아,9.4,34,"| 판매지수 38,073 판매지수란?","9,500원","8,550원",한국소설
흔한남매 과학 탐험대 11 여러 가지 힘,"흔한남매 원저/김언정, 송은경 글/김덕영 그림/김희목 기획 외 3명 정보 더 보기/감추기",주니어김영사,9.8,98,"| 판매지수 71,028 판매지수란?","14,800원","13,320원",1-2학년
ETS 토익 단기공략 750+ (LC+RC),ETS 저,YBM(와이비엠),9.6,303,"| 판매지수 176,490 판매지수란?","18,000원","16,200원",영어
최소한의 한국사,최태성 저,프런트페이지,9.8,569,"| 판매지수 242,763 판매지수란?","18,000원","16,200원",한국사/한국문화
삶으로 다시 떠오르기,에크하르트 톨레 저/류시화 역,연금술사,9.4,209,"| 판매지수 30,465 판매지수란?","24,000원","21,600원",삶의 자세와 지...
허송세월,김훈 저,나남,9.3,133,"| 판매지수 164,535 판매지수란?","18,000원","16,200원",한국 에세이
챗GPT 교사 마스터 플랜,한민철 저,책바세,9.8,23,"| 판매지수 57,120 판매지수란?","24,000원","21,600원",인공지능
도둑맞은 집중력,요한 하리 저/김하현 역,어크로스,8.8,938,"| 판매지수 329,829 판매지수란?","18,800원","16,920원",심리
감정 호텔,리디아 브란코비치 글그림/장미란 역,책읽는곰,10.0,56,"| 판매지수 80,400 판매지수란?","15,000원","13,500원",4-6세
나는 메트로폴리탄 미술관의 경비원입니다,"패트릭 브링리 저/김희정, 조현주 역",웅진지식하우스,8.9,476,"| 판매지수 446,799 판매지수란?","17,500원","15,750원",외국 에세이
더 좋은 문장을 쓰고 싶은 당신을 위한 필사책,이주윤 저,빅피시,9.6,46,"| 판매지수 43,932 판매지수란?","22,000원","19,800원",글쓰기
좋은 일이 오려고 그러나 보다 (리커버판),박여름 저,히읏,9.3,80,"| 판매지수 157,527 판매지수란?","16,800원","15,120원",한국 에세이
B주류경제학,"이재용, 토스 저",오리지널스,10.0,1,"| 판매지수 15,942 판매지수란?","19,800원","17,820원",경제
머니코치 최준호의 네이버 3대장 마케팅,최준호 저,한빛미디어,10.0,2,"| 판매지수 10,290 판매지수란?","22,000원","19,800원",인터넷 비즈니스
뿐이 토핑 이유식,정주희 저/이수진 감수,서사원,9.6,51,"| 판매지수 113,976 판매지수란?","29,800원","26,820원",요리
국어 잘하는 아이가 이깁니다,나민애 저,김영사,9.8,171,"| 판매지수 169,197 판매지수란?","17,500원","15,750원",자녀교육
이태원으로 연결합니다,"김혜영, 이상민, 노호태, 신솔아, 신정임 저 외 4명 정보 더 보기/감추기",플레이아데스,10.0,2,"| 판매지수 6,384 판매지수란?","20,000원","18,000원",한국 에세이
기억 전달자,로이스 라우리 저/장은수 역,비룡소,9.9,25,"| 판매지수 41,376 판매지수란?","16,000원","14,400원",청소년 문학
바깥은 여름,김애란 저,문학동네,9.2,851,"| 판매지수 32,472 판매지수란?","14,500원","13,050원",테마소설
해독 혁명,닥터 라이블리 저,웅진지식하우스,9.9,88,"| 판매지수 68,610 판매지수란?","18,500원","16,650원",건강에세이/건강...
해커스 여행일본어 10분의 기적,해커스 일본어연구소 저,해커스어학연구소,9.7,104,"| 판매지수 84,378 판매지수란?","9,800원","8,820원",일본어
마흔과 오십 사이,최종엽 저,유노북스,10.0,2,"| 판매지수 11,679 판매지수란?","18,000원","16,200원",처세술/삶의 자...
철학의 쓸모,로랑스 드빌레르 저/박효은 역,피카(FIKA),9.7,63,"| 판매지수 42,264 판매지수란?","18,800원","16,920원",철학/사상
압도하라 타이거즈,"오효주, 이범호 저",브레인스토어(BRAINstore),8.9,7,"| 판매지수 48,462 판매지수란?","20,000원","18,000원",한국 에세이
"봉주르, 뚜르",한윤섭 글/김진화 그림,문학동네,9.7,103,"| 판매지수 31,962 판매지수란?","12,500원","11,250원",5-6학년
리틀 라이프 1,한야 야나기하라 저,시공사,9.1,164,"| 판매지수 188,103 판매지수란?","14,800원","13,320원",영미소설
내면소통,김주환 저,인플루엔셜,9.6,336,"| 판매지수 117,645 판매지수란?","33,000원","29,700원",인문/교양
시간 유전자,김혜정 글/인디고 그림,라임,10.0,92,"| 판매지수 20,100 판매지수란?","13,000원","11,700원",3-4학년
2025 선재국어 예상 기출서 2,"이선재, 선재국어연구소 편저",수비니겨,9.8,24,"| 판매지수 36,888 판매지수란?","32,000원","28,800원",공무원
생각이 너무 많은 어른들을 위한 심리학,김혜남 저,메이븐,9.7,171,"| 판매지수 237,612 판매지수란?","17,800원","16,020원",심리
향기로운 꽃은 늠름하게 핀다 11,미카미 사카 글그림,대원,10.0,5,"| 판매지수 6,870 판매지수란?","6,000원","5,400원",로맨스
아비투스의 힘,도리스 메르틴 저/이지윤 역,더퀘스트,9.9,36,"| 판매지수 9,492 판매지수란?","21,000원","18,900원",성공학/경력관리
권력과 진보,"대런 아세모글루, 사이먼 존슨 저/김승진 역",생각의힘,9.1,28,"| 판매지수 23,547 판매지수란?","32,000원","28,800원",사회학
바질 이야기,F. 스콧 피츠제럴드 저/이영아 역,빛소굴,,지역변경,"| 판매지수 3,378 판매지수란?","13,000원","11,700원",영미소설
김대중 육성 회고록 (특별 보급판),연세대학교 김대중도서관 기획,한길사,10.0,1,"| 판매지수 8,910 판매지수란?","29,000원","26,100원",정치/외교
[예스리커버] 초역 부처의 말,코이케 류노스케 저/박재현 역,포레스트북스,9.5,142,"| 판매지수 145,296 판매지수란?","17,800원","16,020원",인문/교양
SQL 자격검정 실전문제,한국데이터진흥원 저,한국데이터산업진흥원,9.1,61,"| 판매지수 97,434 판매지수란?","18,000원","18,000원",컴퓨터 수험서
침팬지 폴리틱스,"프란스 드 발 글/장대익, 황상익 역",바다출판사,9.6,96,"| 판매지수 58,599 판매지수란?","18,000원","16,200원",생명과학
"초가공식품, 음식이 아닌 음식에 중독되다",크리스 반 툴레켄 저/김성훈 역,웅진지식하우스,9.8,25,"| 판매지수 19,698 판매지수란?","23,800원","21,420원",주제로 읽는 인...
설민석의 한국사 대모험 30,"설민석, 스토리박스 글/정현희 그림/강석화 감수",단꿈아이,10.0,146,"| 판매지수 53,694 판매지수란?","13,000원","11,700원",1-2학년
참사는 골목에 머물지 않는다,10·29 이태원참사 작가기록단 저,창비,,지역변경,"| 판매지수 8,250 판매지수란?","22,000원","19,800원",한국 에세이
멋진 신세계,올더스 헉슬리 저/안정효 역,소담출판사,9.1,582,"| 판매지수 47,508 판매지수란?","13,800원","12,420원",영미소설
리얼리티 트랜서핑 2,바딤 젤란드 저/박인수 역,정신세계사,9.7,111,"| 판매지수 31,662 판매지수란?","11,000원","9,900원",처세술/삶의 자...
싯다르타,헤르만 헤세 저/박병덕 역,민음사,9.4,457,"| 판매지수 73,311 판매지수란?","8,000원","7,200원",독일소설
내 인생 최악의 일주일 1 월요일,맷 코스그로브 글그림/이바 이모리스 글/김영진 역,비룡소,9.9,46,"| 판매지수 49,332 판매지수란?","14,000원","12,600원",3-4학년
해든 분식,동지아 글/윤정주 그림,문학동네,9.8,66,"| 판매지수 9,792 판매지수란?","11,000원","9,900원",1-2학년
닉 애덤스 이야기,어네스트 밀러 헤밍웨이 저/이영아 역,빛소굴,,지역변경,"| 판매지수 3,240 판매지수란?","14,400원","12,960원",영미소설
2025 이기적 컴퓨터활용능력 2급 필기 기본서,"홍태성, 영진정보연구소 저",영진닷컴,9.3,16,"| 판매지수 33,426 판매지수란?","21,000원","18,900원",컴퓨터 수험서
토마토 컵라면,차정은 저,BOOKK(부크크),9.3,50,"| 판매지수 73,299 판매지수란?","9,000원","8,100원",시/희곡
[예스리커버] 느리게 나이 드는 습관,정희원 저,한빛라이프,9.7,155,"| 판매지수 168,777 판매지수란?","18,000원","16,200원",건강에세이/건강...
남극의 아이 13호,알바로 야리투 저/김정하 역,라임,9.6,23,"| 판매지수 19,245 판매지수란?","11,000원","9,900원",청소년 문학
리틀 라이프 2,한야 야나기하라 저,시공사,9.5,91,"| 판매지수 162,603 판매지수란?","14,800원","13,320원",영미소설
최애의 아이 14,아카사카 아카 글/요코야리 멘고 그림,대원,9.6,36,"| 판매지수 45,060 판매지수란?","6,000원","5,400원",로맨스
아임 오케이 유어 오케이,"토마스 A. 해리스 저/이영호, 박미현 역",이너북스,10.0,9,"| 판매지수 7,932 판매지수란?","16,000원","14,400원",심리
비밀요원 레너드 21,박설연 글/김덕영 그림,아울북,10.0,1,"| 판매지수 6,540 판매지수란?","14,800원","13,320원",1-2학년
빠르게 생각하고 똑똑하게 말하라,맷 에이브러햄스 저/진정성 역,웨일북,9.8,25,"| 판매지수 25,902 판매지수란?","19,000원","17,100원",처세술/삶의 자...
독끝 NCS 기본서 : 독학으로 끝내는 공기업 NCS 통합기본서 (PSAT형+모듈형+피듈형),"길잡이연구소, 애드투북스 저",애드투북스,9.8,157,"| 판매지수 32,226 판매지수란?","27,000원","24,300원",공무원
일본어 무작정 따라하기 완전판,후지이 아사리 저,길벗이지톡,9.7,167,"| 판매지수 89,427 판매지수란?","26,000원","23,400원",일본어
기적의 항암 식단,"김훈하, 김정은 저",경향비피,9.9,29,"| 판매지수 20,559 판매지수란?","18,000원","16,200원",요리
룩 백,후지모토 타츠키 글그림,학산문화사,9.8,203,"| 판매지수 63,963 판매지수란?","6,000원","5,400원",액션
청춘계시록 1 한정판,한서 글그림,에이템포미디어,,지역변경,"| 판매지수 7,590 판매지수란?","33,000원","29,700원",웹툰
이토록 공부가 재미있어지는 순간,박성혁 저,다산북스,9.6,"1,570","| 판매지수 157,815 판매지수란?","18,000원","16,200원",공부법
리얼리티 트랜서핑 3,바딤 젤란드 저/박인수 역,정신세계사,9.0,50,"| 판매지수 29,274 판매지수란?","11,000원","9,900원",처세술/삶의 자...
일류의 조건,사이토 다카시 저/정현 역,필름,9.0,395,"| 판매지수 199,383 판매지수란?","19,800원","17,820원",처세술/삶의 자...
불편한 편의점 2,김호연 저,나무옆의자,9.5,"1,629","| 판매지수 116,433 판매지수란?","14,000원","12,600원",한국소설
흔한남매 이상한 나라의 고전 읽기 6,최재훈 글/정주연 그림/흔한남매 감수,미래엔아이세움,10.0,63,"| 판매지수 36,465 판매지수란?","15,000원","13,500원",3-4학년
내가 한 말을 내가 오해하지 않기로 함,문상훈 저,위너스북,9.0,137,"| 판매지수 266,364 판매지수란?","19,800원","17,820원",명사/연예인 에...
시대예보: 핵개인의 시대,송길영 저,교보문고,9.0,346,"| 판매지수 187,434 판매지수란?","21,000원","18,900원",경제
해커스 토익 LC Listening(리스닝) 기본서,David Cho 저,해커스어학연구소,9.8,120,"| 판매지수 155,472 판매지수란?","18,800원","16,920원",영어
데미안 : 오리지널 초판본 표지디자인,헤르만 헤세 저,코너스톤(도서),9.6,240,"| 판매지수 84,432 판매지수란?","7,500","3,300원",독일소설
손자병법,손무 저/김원중 역,휴머니스트,9.4,159,"| 판매지수 26,670 판매지수란?","18,000원","16,200원",독서/비평
담을 넘은 아이,김정민 글/이영환 그림,비룡소,9.8,131,"| 판매지수 45,150 판매지수란?","14,000원","12,600원",1-2학년
노르웨이의 숲,무라카미 하루키 저/양억관 역,민음사,9.2,518,"| 판매지수 68,823 판매지수란?","17,000원","15,300원",일본소설
최민준의 아들코칭 백과,최민준 저,위즈덤하우스,9.9,190,"| 판매지수 110,430 판매지수란?","18,800원","16,920원",자녀교육
행복할 거야 이래도 되나 싶을 정도로,일홍 저,부크럼,9.9,42,"| 판매지수 29,631 판매지수란?","18,000원","16,200원",한국 에세이
원씽 THE ONE THING,"게리 켈러, 제이 파파산 저/구세희 역",비즈니스북스,9.4,860,"| 판매지수 158,967 판매지수란?","16,800원","15,120원",처세술/삶의 자...
"다시, 역사의 쓸모",최태성 저,프런트페이지,9.8,78,"| 판매지수 50,808 판매지수란?","18,000원","16,200원",역사와 문화 교...
임신 출산 육아 대백과 최신개정판,편집부 저,삼성출판사,9.6,28,"| 판매지수 97,197 판매지수란?","19,500원","17,550원",임신/출산
드래곤볼 SD 6,토리야마 아키라 원저/오오이시 나호 글그림,서울미디어코믹스(서울문화사),8.7,3,"| 판매지수 7,170 판매지수란?","10,000원","9,000원",액션
수학이 생명의 언어라면,김재경 저,동아시아,10.0,5,"| 판매지수 23,151 판매지수란?","18,000원","16,200원",수학
소드 아트 온라인 SWORD ART ONLINE 26,카와하라 레키 저/abec 그림/박용국 역,서울미디어코믹스(서울문화사),10.0,1,"| 판매지수 5,940 판매지수란?","8,000원","7,200원",라이트노벨
돈 공부를 시작하고 인생의 불안이 사라졌다,할미언니 저,필름,9.2,50,"| 판매지수 38,172 판매지수란?","18,500원","16,650원",투자/재테크
성장이 멈춘 시대의 투자법,김경록 저,흐름출판,9.8,50,"| 판매지수 26,835 판매지수란?","22,000원","19,800원",투자/재테크
우리아이 꼭 지켜줄게,김용준 저,물맷돌,9.8,8,"| 판매지수 25,062 판매지수란?","28,000원","25,200원",사회학
이은경쌤의 초등어휘일력 365,이은경 저,포레스트북스,9.8,339,"| 판매지수 182,754 판매지수란?","18,800원","16,920원",자녀교육
이방인,알베르 까뮈 저/김화영 역,민음사,9.3,571,"| 판매지수 75,639 판매지수란?","10,000원","9,000원",프랑스소설
푸른 사자 와니니 7,이현 글/오윤화 그림,창비,10.0,41,"| 판매지수 44,823 판매지수란?","12,000원","10,800원",5-6학년
중등 필독 신문,"이현옥, 이현주 저",체인지업,9.9,139,"| 판매지수 46,050 판매지수란?","17,800원","16,020원",공부법
여름을 한 입 베어 물었더니,이꽃님 저,문학동네,9.6,230,"| 판매지수 130,347 판매지수란?","12,500원","11,250원",청소년 문학
JLPT(일본어능력시험) 한권으로 끝내기 N3,"이치우, 기타지마 치즈코 저",다락원,9.8,124,"| 판매지수 79,089 판매지수란?","27,000원","24,300원",일본어
하늘과 땅 식료품점,제임스 맥브라이드 저/박지민 역,미래지향,9.8,71,"| 판매지수 24,828 판매지수란?","18,000원","16,200원",영미소설
사이언스 2025,"내셔널지오그래픽 키즈 글/이한음, 김아림 역",비룡소,,,"| 판매지수 5,760 판매지수란?","28,000원","25,200원",1-2학년
지적 대화를 위한 넓고 얕은 지식 1,채사장 저,웨일북,9.3,584,"| 판매지수 118,716 판매지수란?","16,000원","14,400원",인문/교양
플랫폼을 지배하는 조회수의 법칙,게리 바이너척 저/이지민 역,알에이치코리아(RHK),9.9,27,"| 판매지수 20,151 판매지수란?","25,000원","22,500원",마케팅/세일즈
적도 친구로 만드는 무적의 대화법,리우난 저/박나영 역,지니의서재,,지역변경,"| 판매지수 17,550 판매지수란?","18,800원","16,920원",화술/협상/회의...
모두의 금리,조원경 저,에프엔미디어,9.8,21,"| 판매지수 36,891 판매지수란?","22,000원","19,800원",경제
흔한남매 16,흔한남매 원저/백난도 글/유난희 그림/흔한컴퍼니 감수,미래엔아이세움,9.8,231,"| 판매지수 148,362 판매지수란?","14,500원","13,050원",1-2학년
에일리언 스테이지 아트북 특별판,팀 포맷나인 저,다산코믹스,9.9,21,"| 판매지수 87,564 판매지수란?","54,000원","48,600원",아트북
모니카와 케이티,트루디 루드위그 글/에비게일 마블 그림/강빈맘 역,서교책방,9.9,48,"| 판매지수 35,007 판매지수란?","16,700원","15,030원",1-2학년
만화 나의 행복한 결혼 5,아기토기 아쿠미 원저/코사카 리토 글그림/유유리 역,서울미디어코믹스(서울문화사),10.0,4,"| 판매지수 5,820 판매지수란?","5,500원","4,950원",로맨스
리니지W 아트북,NCSOFT 저,시공아트,10.0,1,"| 판매지수 35,835 판매지수란?","65,000원","58,500원",미술
푸른 들판을 걷다,클레어 키건 저/허진 역,다산책방,9.3,82,"| 판매지수 47,550 판매지수란?","16,800원","15,120원",영미소설
"오직, 그림",박영택 저,마음산책,9.8,9,"| 판매지수 12,075 판매지수란?","26,000원","23,400원",미술
너의 꿈에도 내가 나오는지,김지현 저,우리학교,9.7,52,"| 판매지수 5,772 판매지수란?","14,000원","12,600원",청소년 문학
당연하게도 나는 너를,이꽃님 저,우리학교,9.4,90,"| 판매지수 60,216 판매지수란?","13,500원","12,150원",청소년 문학
수급단타왕 수급매매 절대비기,고명환 저,메가스터디북스,6.1,43,"| 판매지수 42,924 판매지수란?","25,000원","22,500원",투자/재테크
스크루테이프의 편지,C. S. 루이스 저/김선형 역,홍성사,9.6,74,"| 판매지수 46,452 판매지수란?","13,000원","11,700원",기독교(개신교)
"오늘 밤, 세계에서 이 사랑이 사라진다 해도",이치조 미사키 저/권영주 역,모모,9.2,642,"| 판매지수 73,731 판매지수란?","14,000원","12,600원",테마소설
철도원 삼대,황석영 저,창비,9.5,171,"| 판매지수 68,958 판매지수란?","20,000원","18,000원",한국소설
행운이 구르는 속도,김성운 글/김성라 그림,사계절,9.9,23,"| 판매지수 23,916 판매지수란?","13,000원","11,700원",3-4학년
마루는 강쥐 컬러링북,모죠 글그림,영진닷컴,,지역변경,"| 판매지수 5,580 판매지수란?","15,000원","13,500원",미술
나는 오래된 거리처럼 너를 사랑하고,진은영 저,문학과지성사,9.7,186,"| 판매지수 54,384 판매지수란?","12,000원","10,800원",시/희곡
서울대선정 세계문학전집,다수,헤르만헤세(전집),,"도서산간지역 추가비용 있음, 단순변심시 왕복배송비 구매자부담","| 판매지수 5,262 판매지수란?","460,000원","414,000원",초등고학년-중등
김전일 37세의 사건부 16,아기 타다시 글/사토 후미야 그림,서울미디어코믹스(서울문화사),9.2,15,"| 판매지수 11,892 판매지수란?","5,500원","4,950원",공포/추리
실생활 90%를 감당하는 영어 단어들,황용운 저,사람in,10.0,3,"| 판매지수 8,277 판매지수란?","19,000원","17,100원",영어
마음의 힘이 필요할 때 나는 달린다,김세희 저,빌리버튼,9.9,25,"| 판매지수 9,507 판매지수란?","17,000원","15,300원",심리
흑집사 34,토보소 야나 글그림,학산문화사,10.0,6,"| 판매지수 24,615 판매지수란?","6,000원","5,400원",드라마
2025 써니 행정법총론 핵심집약 이론편+문제편 세트,박준철 편저,지금(도서출판),9.8,95,"| 판매지수 57,435 판매지수란?","30,000원","27,000원",공무원
지구 끝의 온실,김초엽 저,자이언트북스,9.5,749,"| 판매지수 60,468 판매지수란?","15,000원","13,500원",장르소설
백년허리2 치료편,정선근 저,언탱글링,9.7,166,"| 판매지수 88,158 판매지수란?","18,500원","16,650원",질병과 치료법
수학 머리는 어떻게 만들어지는가,조 볼러 저/고현석 역,웅진지식하우스,10.0,3,"| 판매지수 6,060 판매지수란?","19,800원","17,820원",자녀교육
나는 크고 아름다워요,배슈티 해리슨 글그림/김서정 역,책읽는곰,9.6,9,"| 판매지수 9,888 판매지수란?","17,000원","15,300원",4-6세
2025 유휘운 행정법총론 요약노트+기출문제 (요.플.),유휘운 저,메가스터디교육(공무원),9.7,62,"| 판매지수 48,066 판매지수란?","21,000원","18,900원",공무원
2024 이지패스 ADsP 데이터분석 준전문가,"전용문, 박현민 저",위키북스,9.9,223,"| 판매지수 70,074 판매지수란?","28,000원","25,200원",컴퓨터 수험서
너무 잘하려고 애쓰지 마라,나태주 저,열림원,9.9,685,"| 판매지수 44,670 판매지수란?","14,000원","12,600원",시/희곡
안녕! 내 친구 코야,작은북 글/오연진 그림,블루래빗,8.6,16,"| 판매지수 42,426 판매지수란?","28,500원","25,650원",0-3세
회색 인간,김동식 저,요다,9.1,379,"| 판매지수 73,998 판매지수란?","13,000원","11,700원",한국소설
몽고반점,"한강, 김경욱, 윤영수, 이만교, 이혜경 저 외 2명 정보 더 보기/감추기",문학사상,8.8,37,"| 판매지수 11,142 판매지수란?","13,800원","12,420원",한국소설
변호사 어벤저스 3,고희정 글/최미란 그림/신주영 감수,가나출판사,10.0,6,"| 판매지수 8,136 판매지수란?","15,800원","14,220원",1-2학년
빅터 프랭클의 죽음의 수용소에서,빅터 프랭클 저/이시형 역,청아출판사,9.5,432,"| 판매지수 68,382 판매지수란?","13,000원","11,700원",심리
흔한남매 세계사 탐험대 1 고대 문명의 탄생,"흔한남매 원저/진서, 예지민, 김지연, 송효림 글 외 4명 정보 더 보기/감추기",주니어김영사,9.8,129,"| 판매지수 51,039 판매지수란?","14,800원","13,320원",3-4학년
THE MONEY BOOK 더 머니북,토스 저,비바리퍼블리카,8.6,130,"| 판매지수 143,235 판매지수란?","22,000원","19,800원",투자/재테크
우리에게 남은 시간 46일,이설 저,하이스트,9.6,22,"| 판매지수 37,278 판매지수란?","16,800원","15,120원",한국소설
데일 카네기 자기관리론,데일 카네기 저/임상훈 역,현대지성,9.7,584,"| 판매지수 125,370 판매지수란?","11,500원","10,350원",처세술/삶의 자...
몽글몽글 편의점,김영진 글그림,책읽는곰,9.9,31,"| 판매지수 50,100 판매지수란?","15,000원","13,500원",4-6세
엘리펀트 헤드,시라이 토모유키 저/구수영 역,내친구의서재,9.4,16,"| 판매지수 10,233 판매지수란?","18,800원","16,920원",장르소설
2025 트렌드 노트,"바이브컴퍼니 생활변화관측소, 신예은, 박현영, 정석환, 유지현 저 외 3명 정보 더 보기/감추기",북스톤,10.0,5,"| 판매지수 11,127 판매지수란?","18,000원","16,200원",마케팅/세일즈
2025 이동기 영어 실전 문법 300제+요약노트 세트,(주)이앤미래(이동기) 편저,에스티유니타스,9.9,17,"| 판매지수 29,847 판매지수란?","22,000원","19,800원",공무원
에그박사 13,에그박사 원저/박송이 글/홍종현 그림/이승현 감수,미래엔아이세움,10.0,102,"| 판매지수 51,339 판매지수란?","15,800원","14,220원",1-2학년
사랑의 기술,에리히 프롬 저/황문수 역,문예출판사,9.5,441,"| 판매지수 51,627 판매지수란?","16,000원","14,400원",연애/사랑 에세...
정의란 무엇인가,마이클 샌델 저/김명철 역/김선욱 감수,와이즈베리,9.5,823,"| 판매지수 78,966 판매지수란?","15,000원","13,500원",사회학
Go Go 카카오프렌즈 자연탐사 9 호주,조주희 글/김정한 그림/김미영 기획,아울북,10.0,21,"| 판매지수 20,460 판매지수란?","16,800원","15,120원",3-4학년
"하루 한 장, 인생이 바뀌는 영어 필사",영크릿 저,베가북스,10.0,7,"| 판매지수 13,602 판매지수란?","23,800원","21,420원",영어
2025 이기적 컴퓨터활용능력 1급 필기 기본서,"홍태성, 영진정보연구소 저",영진닷컴,9.8,25,"| 판매지수 29,292 판매지수란?","31,000원","27,900원",컴퓨터 수험서
이게 되네? 챗GPT 미친 활용법 51제,오힘찬 저,골든래빗,9.2,22,"| 판매지수 32,052 판매지수란?","24,000원","21,600원",컴퓨터 입문/활...
맡겨진 소녀,클레어 키건 저/허진 역,다산책방,9.5,389,"| 판매지수 140,502 판매지수란?","13,000원","11,700원",테마소설
고양이 해결사 깜냥 1,홍민정 글/김재희 그림,창비,9.7,489,"| 판매지수 43,650 판매지수란?","12,000원","10,800원",1-2학년
체리새우 : 비밀글입니다,황영미 저,문학동네,9.6,549,"| 판매지수 98,493 판매지수란?","11,500원","10,350원",청소년 문학
푸른 사자 와니니,이현 글/오윤화 그림,창비,9.6,310,"| 판매지수 68,271 판매지수란?","12,000원","10,800원",3-4학년
해커스 토익 실전 LC+RC 2 (모의고사+해설집),해커스 어학연구소 저,해커스어학연구소,9.9,86,"| 판매지수 31,263 판매지수란?","18,900원","17,010원",영어
요즘 어른을 위한 최소한의 세계사,임소미 저/김봉중 감수,빅피시,9.7,220,"| 판매지수 210,738 판매지수란?","18,800원","16,920원",세계사/세계문화
브로콜리지만 사랑받고 싶어,"별다름, 달다름 글/서영 그림",키다리,9.9,72,"| 판매지수 42,216 판매지수란?","14,000원","12,600원",4-6세
김대중 육성 회고록,연세대학교 김대중도서관 기획,한길사,10.0,12,"| 판매지수 16,632 판매지수란?","33,000원","29,700원",정치/외교
지도로 보아야 보인다,"에밀리 오브리, 프랭크 테타르, 토마 앙사르 저/이수진 역",사이,8.1,28,"| 판매지수 39,753 판매지수란?","29,800원","26,820원",정치/외교
당신은 결국 무엇이든 해내는 사람,김상현 저,필름,9.1,243,"| 판매지수 78,687 판매지수란?","17,000원","15,300원",한국 에세이
햇빛초 대나무 숲에 새 글이 올라왔습니다,황지영 글/백두리 그림,우리학교,9.8,64,"| 판매지수 63,894 판매지수란?","14,500원","13,050원",3-4학년
마흔에 읽는 인문학 필독서 50,여르미 저,센시오,9.9,28,"| 판매지수 12,378 판매지수란?","23,800원","21,420원",인문/교양
ETS 토익 단기공략 950+ (LC+RC),ETS 저,YBM(와이비엠),10.0,7,"| 판매지수 17,769 판매지수란?","19,500원","17,550원",영어
한국 교회 트렌드 2025,"지용근, 김영수, 전우택, 신상목, 정재영 저 외 5명 정보 더 보기/감추기",규장,9.1,7,"| 판매지수 30,003 판매지수란?","22,000원","19,800원",기독교(개신교)
나의 돈 많은 고등학교 친구,송희구 저,서삼독,9.1,263,"| 판매지수 38,295 판매지수란?","18,000원","16,200원",성공스토리
참을 수 없는 존재의 가벼움,밀란 쿤데라 저/이재룡 역,민음사,9.5,623,"| 판매지수 113,970 판매지수란?","17,000원","15,300원",세계각국소설
그거 사전,홍성윤 저,인플루엔셜,9.8,57,"| 판매지수 16,842 판매지수란?","18,000원","16,200원",인문/교양
2025 이동기 영어 실전 독해 500제,(주)이앤미래(이동기) 저,에스티유니타스,9.6,17,"| 판매지수 26,256 판매지수란?","34,000원","30,600원",공무원
이은경쌤의 중등어휘일력 365,이은경 저/배혜림 감수,포레스트북스,9.8,70,"| 판매지수 47,292 판매지수란?","22,000원","19,800원",자녀교육
마법의 연금 굴리기,김성일 저,에이지21,9.6,158,"| 판매지수 55,380 판매지수란?","18,000원","16,200원",투자/재테크
백년허리1 진단편,정선근 저,언탱글링,9.6,116,"| 판매지수 70,236 판매지수란?","18,500원","16,650원",질병과 치료법
5번 레인,은소홀 저/노인경 그림,문학동네,9.7,320,"| 판매지수 131,028 판매지수란?","12,500원","11,250원",3-4학년
백년운동,정선근 저,아티잔,9.7,305,"| 판매지수 78,255 판매지수란?","19,500원","17,550원",건강에세이/건강...
와일드 로봇의 탈출,피터 브라운 글그림/엄혜숙 역,거북이북스,9.6,18,"| 판매지수 20,352 판매지수란?","14,800원","13,320원",3-4학년
노인과 바다,어네스트 밀러 헤밍웨이 저/김욱동 역,민음사,9.4,266,"| 판매지수 50,181 판매지수란?","8,000원","7,200원",영미소설
청춘 조용필,홍성규 저,21세기북스,"9,000",지역변경,"| 판매지수 5,346 판매지수란?","18,000원","16,200원",대중음악
부동산 트렌드 2025,"김경민, 김규석, 이소영, 이보람, 이영민 저 외 1명 정보 더 보기/감추기",와이즈맵,9.6,14,"| 판매지수 26,103 판매지수란?","23,000원","20,700원",투자/재테크
나는 소망한다 내게 금지된 것을,양귀자 저,쓰다,9.7,452,"| 판매지수 51,687 판매지수란?","15,000원","13,500원",한국소설
브람스를 좋아하세요...,프랑수아즈 사강 저/김남주 역,민음사,9.1,711,"| 판매지수 42,123 판매지수란?","8,500원","7,650원",프랑스소설
"낭만 수의사, 희망을 처방합니다",린리신 저/차혜정 역/홍성현 감수,모모,9.9,32,"| 판매지수 23,511 판매지수란?","17,000원","15,300원",테마소설
데일리 대드,라이언 홀리데이 저/이현주 역,청림Life,9.4,20,"| 판매지수 36,513 판매지수란?","19,000원","17,100원",자녀교육
당신의 인생이 왜 힘들지 않아야 한다고 생각하십니까,아르투어 쇼펜하우어 저/김욱 역,포레스트북스,9.2,391,"| 판매지수 245,220 판매지수란?","17,500원","15,750원",인문/교양
더 레이저,정주영 저,메가믹스스튜디오,9.7,14,"| 판매지수 30,966 판매지수란?","19,800원","17,820원",처세술/삶의 자...
2024 시대에듀 투자자산운용사 실제유형 모의고사 + 특별부록 PASSCODE Premium ver 7.0,유창호 편저,시대고시기획 시대교육,8.9,11,"| 판매지수 27,249 판매지수란?","55,000원","49,500원",경제/금융/회계/...
석가모니 인생수업 : 석가모니가 세상에 남긴 삶의 지혜,석가모니 저 / 김지민 편,하이스트,9.1,32,"| 판매지수 44,499 판매지수란?","17,500원","15,750원",인문/교양
"2024 큰별쌤 최태성의 별별한국사 기출 500제 한국사능력검정시험 심화 (1,2,3급)",최태성 저,이투스북,9.9,86,"| 판매지수 224,229 판매지수란?","19,500원","17,550원",한국사능력검정...
부는 어디에서 오는가,월리스 와틀스 저/이수정 역,더스토리,8.9,23,"| 판매지수 7,932 판매지수란?","15,000원","13,500원",경제
아주 작은 습관의 힘,제임스 클리어 저/이한이 역,비즈니스북스,9.4,907,"| 판매지수 111,183 판매지수란?","16,000원","14,400원",성공학/경력관리
마음이 부자인 아이는 어떻게 성장하는가,박소영 저,북크레용,9.9,84,"| 판매지수 18,150 판매지수란?","19,800원","17,820원",육아
몬스터 1,넬레 노이하우스 저/전은경 역,북로드,9.8,31,"| 판매지수 23,118 판매지수란?","16,800원","15,120원",독일소설
브레인 에너지,크리스토퍼 M. 팔머 저/이한나 역,심심,9.9,20,"| 판매지수 17,559 판매지수란?","23,000원","20,700원",생명과학
사라진 근대사 100장면 ① 몰락의 시대,박종인 저,와이즈맵,9.8,9,"| 판매지수 22,524 판매지수란?","19,800원","17,820원",한국사/한국문화
2025 문동균 한국사 기출은 문동균,문동균 편저,에스티유니타스,10.0,47,"| 판매지수 31,176 판매지수란?","30,000원","27,000원",공무원
착! 붙는 일본어 독학 첫걸음,일본어 공부기술연구소 저,시사일본어사,9.9,63,"| 판매지수 48,666 판매지수란?","16,800원","15,120원",일본어
아몬드 (청소년판),손원평 저,다즐링,9.6,81,"| 판매지수 70,221 판매지수란?","16,800원","15,120원",청소년 문학
몬스터 2,넬레 노이하우스 저/전은경 역,북로드,10.0,15,"| 판매지수 21,567 판매지수란?","16,800원","15,120원",독일소설
말투만 바꿨을 뿐인데,김민성 저,프로파일러 북스,10.0,135,"| 판매지수 33,978 판매지수란?","17,800원","16,020원",처세술/삶의 자...
불가항력의 I LOVE YOU 1,호시노 미즈키 글그림/김서은 역,서울미디어코믹스(서울문화사),9.9,71,"| 판매지수 17,541 판매지수란?","6,000원","5,400원",로맨스
밝은 밤,최은영 저,문학동네,9.7,"1,107","| 판매지수 60,231 판매지수란?","15,500원","13,950원",한국소설
감정을 안아 주는 말,이현아 글/한연진 그림,한빛에듀,10.0,29,"| 판매지수 42,036 판매지수란?","16,800원","15,120원",1-2학년
불가항력의 I LOVE YOU 2,호시노 미즈키 글그림/김서은 역,서울미디어코믹스(서울문화사),9.9,56,"| 판매지수 16,275 판매지수란?","6,000원","5,400원",로맨스
내가 틀릴 수도 있습니다,비욘 나티코 린데블라드 저/토마스 산체스 그림/박미경 역,다산초당,9.3,663,"| 판매지수 85,035 판매지수란?","18,000원","16,200원",인문/교양
무한의 부,왕징 저/김우성 역,필로틱,10.0,12,"| 판매지수 14,112 판매지수란?","18,000원","16,200원",성공학/경력관리
좋은 리더를 넘어 위대한 리더로,"짐 콜린스, 빌 레지어 저/이경식 역",흐름출판,9.8,24,"| 판매지수 27,576 판매지수란?","26,000원","23,400원",경영
2025 전한길 한국사 합격생 필기노트,전한길 편저,메가스터디교육(공무원),9.9,54,"| 판매지수 35,934 판매지수란?","15,000원","13,500원",공무원
2025 SQLD 모든 것,조용학 저,아이리포,9.9,17,"| 판매지수 22,860 판매지수란?","24,000원","21,600원",OS/데이터베이스
알사탕,백희나 저,스토리보울,9.9,54,"| 판매지수 45,831 판매지수란?","15,000원","13,500원",4-6세
타이탄의 도구들 (블랙 에디션),"팀 페리스 저/박선령, 정지현 역",토네이도,9.3,"1,274","| 판매지수 123,621 판매지수란?","18,000원","16,200원",성공학/경력관리
어린 왕자,앙투안 드 생텍쥐페리 저/황현산 역,열린책들,9.6,416,"| 판매지수 55,455 판매지수란?","11,800원","10,620원",테마소설
가장 젊은 날의 철학,이충녕 저,북스톤,,,"| 판매지수 4,950 판매지수란?","18,800원","16,920원",철학/사상
[예스리커버] 나는 3학년 2반 7번 애벌레,김원아 글/이주희 그림,창비,9.7,265,"| 판매지수 98,205 판매지수란?","9,000원","8,100원",1-2학년
삶을 견디는 기쁨,헤르만 헤세 저/유혜자 역,문예춘추사,9.6,79,"| 판매지수 39,456 판매지수란?","16,800원","15,120원",외국 에세이
2025 유휘운 행정법총론 진도별 기출문제집,유휘운 저,메가스터디교육(공무원),10.0,2,"| 판매지수 25,620 판매지수란?","43,000원","38,700원",공무원
대한민국 교육트렌드 2025,교육트렌드 2025 집필팀 저,에듀니티,10.0,13,"| 판매지수 17,553 판매지수란?","30,000원","27,000원",교육
2025 해커스경찰 갓대환 형사법 기출총정리 세트,김대환 편저,해커스경찰,10.0,7,"| 판매지수 27,459 판매지수란?","91,000원","81,900원",공무원
"2022 개정 교육과정 평가, AI로 날개를 달다 (개념기반 교육과정)","지미정, 오한나, 노명호, 권의선, 김영수 저 외 4명 정보 더 보기/감추기",앤써북,9.9,17,"| 판매지수 30,609 판매지수란?","21,000원","18,900원",인공지능
소맥거핀의 인체 친구들 1,"소맥거핀 원저/서후 글/김기수 그림/박상민, 샌드박스 네트워크 감수",위즈덤하우스,10.0,31,"| 판매지수 23,289 판매지수란?","14,800원","13,320원",3-4학년
레버리지,롭 무어 저/김유미 역,다산북스,9.0,369,"| 판매지수 108,078 판매지수란?","18,000원","16,200원",경제
해커스톡 여행영어 10분의 기적,해커스 어학연구소 저,해커스어학연구소,9.5,168,"| 판매지수 75,810 판매지수란?","9,800원","8,820원",영어
28시간에 끝내는 토익스피킹 스타트,"황인기, 시원스쿨어학연구소 저",시원스쿨닷컴,9.6,253,"| 판매지수 79,710 판매지수란?","17,900원","16,110원",영어
뉴라이트 비판 (리커버),김기협 저,돌베개,,지역변경,"| 판매지수 4,980 판매지수란?","17,500원","15,750원",사회비평/비판
저주토끼,정보라 저,래빗홀,9.1,100,"| 판매지수 33,549 판매지수란?","15,800원","14,220원",장르소설
365일 명화 일력 (미니멀 리커버 에디션),김영숙 저,빅피시,10.0,6,"| 판매지수 9,969 판매지수란?","22,000원","19,800원",예술일반/예술사
군주론,니콜로 마키아벨리 저/김상근 해제/최현주 역/김상근 감수,페이지2북스,9.7,68,"| 판매지수 57,444 판매지수란?","17,000원","15,300원",서양철학
영어회화 핵심패턴 233,백선엽 저,길벗이지톡,9.4,112,"| 판매지수 51,858 판매지수란?","18,000원","16,200원",영어
키위엔 영어회화 하루 5분의 기적,박강준 저,키위엔,9.7,248,"| 판매지수 126,702 판매지수란?","19,500원","17,550원",영어
아버지의 해방일지,정지아 저,창비,9.6,954,"| 판매지수 84,780 판매지수란?","15,000원","13,500원",한국소설
종의 기원,정유정 저,은행나무,9.3,"1,999","| 판매지수 42,969 판매지수란?","16,800원","15,120원",한국소설
일러스트레이터를 위한 색과 빛 마스터 가이드북 : COLOR & LIGHT,3dtotal Publishing 저/이수영 역,영진닷컴,10.0,2,"| 판매지수 7,536 판매지수란?","32,000원","28,800원",미술
변호사 어벤저스 1,고희정 글/최미란 그림/신주영 감수,가나출판사,9.9,52,"| 판매지수 19,920 판매지수란?","15,800원","14,220원",1-2학년
마루는 강쥐 5,모죠 글그림,문페이스,,지역변경,"| 판매지수 7,665 판매지수란?","16,000원","14,400원",웹툰
자개장 할머니,안효림 글그림,소원나무,9.9,16,"| 판매지수 14,322 판매지수란?","17,000원","15,300원",4-6세
불량한 자전거 여행 4,김남중 글/오승민 그림,창비,10.0,15,"| 판매지수 22,032 판매지수란?","13,800원","12,420원",3-4학년
된다! 하루 만에 끝내는 챗GPT 활용법,프롬프트 크리에이터 저,이지스퍼블리싱,9.5,57,"| 판매지수 22,410 판매지수란?","17,200원","15,480원",컴퓨터 입문/활...
"꽃길이 따로 있나, 내 삶이 꽃인 것을",오평선 저,포레스트북스,9.5,174,"| 판매지수 173,853 판매지수란?","16,800원","15,120원",그림 에세이
해커스 보카 Hackers Vocabulary,David Cho 저,해커스어학연구소,9.5,377,"| 판매지수 119,532 판매지수란?","16,900원","15,210원",영어
돈으로 살 수 없는 것들,마이클 샌델 저/안기순 역/김선욱 감수,와이즈베리,9.4,356,"| 판매지수 33,378 판매지수란?","16,000원","14,400원",사회비평/비판
예술 도둑,마이클 핀클 저/염지선 역,생각의힘,9.3,26,"| 판매지수 26,895 판매지수란?","17,800원","16,020원",예술 에세이
똑게육아,로리(김준희) 저,북로스트,9.6,178,"| 판매지수 52,359 판매지수란?","22,200원","19,980원",육아
부동산 공매의 정석,"이소라, 김헌곤 저",한국경제신문,,지역변경,"| 판매지수 4,440 판매지수란?","22,000원","19,800원",투자/재테크
오! 나의 여신님 신장판 13,후지시마 코스케 글그림,대원,10.0,1,"| 판매지수 4,440 판매지수란?","15,000원","13,500원",드라마
당뇨 잡는 사계절 저당 식단 & 도시락,임재영 저,레시피팩토리(단행),10.0,16,"| 판매지수 8,982 판매지수란?","25,000원","22,500원",요리
2024 하반기 고시넷 지역농협 6급 NCS 오픈봉투모의고사,고시넷 NCS 연구소 편저,고시넷,9.0,4,"| 판매지수 14,274 판매지수란?","26,000원","23,400원",취업/상식/적성...
슈뻘맨의 슈퍼 상식 월드컵 1,"슈뻘맨 원저/김정욱 글/이혜림 그림/어경연, 샌드박스 네트워크 감수",주니어김영사,9.9,17,"| 판매지수 22,284 판매지수란?","15,000원","13,500원",3-4학년
죽을 때까지 나를 다스린다는 것,기시미 이치로 저/김지윤 역,위즈덤하우스,9.7,57,"| 판매지수 11,217 판매지수란?","18,800원","16,920원",인문/교양
달러 전쟁,살레하 모신 저/서정아 역,위즈덤하우스,9.7,30,"| 판매지수 31,254 판매지수란?","21,000원","18,900원",경제
내 언어의 한계는 내 세계의 한계이다,김종원 저,마인드셋(Mindset),8.7,46,"| 판매지수 70,329 판매지수란?","18,800원","16,920원",서양철학
2025 에듀윌 사회복지사 1급 단원별 기출문제집,손용근 편저,에듀윌,10.0,9,"| 판매지수 20,706 판매지수란?","29,000원","26,100원",국가자격/전문사...
가장 아끼는 너에게 주고 싶은 말(블루밍 에디션),도연화 저,부크럼,9.8,52,"| 판매지수 68,934 판매지수란?","16,000원","14,400원",한국 에세이
아비투스,도리스 메르틴 저/배명자 역,다산초당,8.6,97,"| 판매지수 61,419 판매지수란?","22,000원","19,800원",인문/교양
부의 추월차선 (10주년 스페셜 에디션),엠제이 드마코 저/신소영 역,토트출판사,8.8,"1,195","| 판매지수 105,210 판매지수란?","17,500원","15,750원",경제
은하수 잡화점 상권,잠뜰TV 원저/김수경 글/루체 그림,서울문화사,9.6,10,"| 판매지수 35,979 판매지수란?","13,000원","11,700원",3-4학년
노트북,니콜라스 스파크스 저/박설영 역,모모,9.5,16,"| 판매지수 12,774 판매지수란?","15,000원","13,500원",장르소설
홀썸의 집밥 예찬,홀썸모먼트 저,다산라이프,9.7,60,"| 판매지수 50,142 판매지수란?","25,000원","22,500원",요리
파과 (리커버),구병모 저,위즈덤하우스,9.4,533,"| 판매지수 38,958 판매지수란?","15,800원","14,220원",한국소설
찌그러져도 동그라미입니다,김창완 저,웅진지식하우스,9.6,136,"| 판매지수 125,019 판매지수란?","17,800원","16,020원",명사/연예인 에...
2024 지텔프(G-TELP) 공식 기출문제집 7회분 Level 2,G-TELP KOREA 저. / 해커스 지텔프연구소 편,챔프스터디,9.9,40,"| 판매지수 43,434 판매지수란?","24,900원","22,410원",영어
하버드 회복탄력성 수업,게일 가젤 저/손현선 역,현대지성,9.5,190,"| 판매지수 14,757 판매지수란?","16,900원","15,210원",처세술/삶의 자...
한국을 빛낸 100명의 위인들,양은환 글/수아 그림,M&Kids,9.7,117,"| 판매지수 22,242 판매지수란?","12,000원","10,800원",1-2학년
[예스리커버] 우리가 빛의 속도로 갈 수 없다면,김초엽 저,허블,9.4,"1,791","| 판매지수 51,564 판매지수란?","14,000원","12,600원",장르소설
방구석 미술관 (40만 부 기념 특별판),조원재 저,블랙피쉬,9.3,"1,243","| 판매지수 57,081 판매지수란?","16,800원","15,120원",미술
생각에 관한 생각,대니얼 카너먼 저/이창신 역,김영사,9.3,299,"| 판매지수 55,824 판매지수란?","29,800원","26,820원",경제
사랑에 대해 내가 아는 모든 것 (리커버 특별판),돌리 앨더튼 저/김미정 역,윌북(willbook),10.0,3,"| 판매지수 11,088 판매지수란?","17,800원","16,020원",여성 에세이
까멜리아 싸롱,고수리 저,클레이하우스,8.8,10,"| 판매지수 13,842 판매지수란?","17,800원","16,020원",장르소설
우연은 비켜 가지 않는다,줄리언 반스 저/정영목 역,다산책방,9.4,75,"| 판매지수 42,939 판매지수란?","17,500원","15,750원",영미소설
2025 써니 행정법총론,박준철 편저,지금(도서출판),9.9,70,"| 판매지수 47,466 판매지수란?","42,000원","37,800원",공무원
나는 다정한 관찰자가 되기로 했다,이은경 저,서교책방,9.6,190,"| 판매지수 154,980 판매지수란?","17,800원","16,020원",자녀교육
지구별 인간,무라타 사야카 저/최고은 역,김영사,9.3,36,"| 판매지수 20,901 판매지수란?","14,800원","13,320원",일본소설
"칵테일, 러브, 좀비",조예은 저,안전가옥,9.2,"1,073","| 판매지수 49,344 판매지수란?","13,000원","11,700원",장르소설
운동하는 사피엔스,대니얼 리버먼 저/왕수민 역,프시케의숲,10.0,2,"| 판매지수 7,764 판매지수란?","26,800원","24,120원",생명과학
태도에 관하여 (20만 부 기념 완결판),임경선 저,토스트,10.0,8,"| 판매지수 29,181 판매지수란?","18,000원","16,200원",한국 에세이
몬스터 차일드 (10만부 돌파기념 리커버),이재문 글/김지인 그림,사계절,9.7,125,"| 판매지수 81,768 판매지수란?","12,000원","10,800원",5-6학년
만화 악당의 아빠를 꼬셔라 12 한정판,달슬 원저/비아 글그림,파인툰(FineToon),,,"| 판매지수 4,170 판매지수란?","36,000원","32,400원",웹툰
2025 이기적 컴퓨터활용능력 2급 필기+실기 올인원,"홍태성, 박윤정 저",영진닷컴,10.0,1,"| 판매지수 5,994 판매지수란?","29,000원","26,100원",컴퓨터 수험서
가장 완벽한 세금 절세의 기술,"염지훈, 최승혁 저",이든하우스,10.0,12,"| 판매지수 42,030 판매지수란?","20,000원","18,000원",경영
그의 운명에 대한 아주 개인적인 생각,유시민 저,생각의길,9.2,570,"| 판매지수 287,298 판매지수란?","16,800원","15,120원",정치/외교
율의 시선,김민서 저,창비,9.7,149,"| 판매지수 43,449 판매지수란?","13,000원","11,700원",청소년 문학
2024 위포트 공기업 NCS 직업기초능력평가+직무수행능력평가 통합 기본서,위포트 연구소 저,위포트,10.0,24,"| 판매지수 26,553 판매지수란?","29,900원","26,910원",취업/상식/적성...
나에게 들려주는 예쁜 말,김종원 글/나래 그림,상상아이(상상아카데미),9.8,111,"| 판매지수 161,250 판매지수란?","16,800원","15,120원",1-2학년
고양이 해결사 깜냥 6,홍민정 글/김재희 그림,창비,9.8,224,"| 판매지수 141,564 판매지수란?","12,000원","10,800원",1-2학년
사과는 이렇게 하는 거야,데이비드 라로셀 글/마이크 우누트카 그림/이다랑 역,블루밍제이,9.9,90,"| 판매지수 47,559 판매지수란?","16,800원","15,120원",4-6세
해커스 일본어 첫걸음 히라가나 가타카나 쓰기노트,해커스 일본어연구소 저,해커스어학연구소,9.8,66,"| 판매지수 64,689 판매지수란?","8,000원","7,200원",일본어
천 개의 파랑,천선란 저,허블,9.5,994,"| 판매지수 53,274 판매지수란?","14,000원","12,600원",장르소설
페인트,이희영 저,창비,9.5,486,"| 판매지수 64,008 판매지수란?","13,000원","11,700원",청소년 문학
삐뽀삐뽀 119 소아과,하정훈 저,유니책방,9.6,391,"| 판매지수 53,868 판매지수란?","29,800원","26,820원",육아
숙론,최재천 저,김영사,8.9,73,"| 판매지수 47,082 판매지수란?","18,000원","16,200원",인문/교양
교과서가 쉬워지는 초등 역사 신문,김문영 저,청림Life,10.0,52,"| 판매지수 9,420 판매지수란?","18,000원","16,200원",5-6학년
와일드,셰릴 스트레이드 저/우진하 역,페이지2북스,9.8,22,"| 판매지수 15,861 판매지수란?","22,000원","19,800원",여성 에세이
2025 전한길 한국사 3.0 기출문제집,전한길 저,메가스터디교육(공무원),10.0,29,"| 판매지수 23,217 판매지수란?","30,000원","27,000원",공무원
원피스 ONE PIECE 108,오다 에이이치로 글그림,대원,9.7,209,"| 판매지수 68,001 판매지수란?","5,500원","4,950원",액션
고요한 우연,김수빈 저,문학동네,9.7,133,"| 판매지수 55,647 판매지수란?","12,500원","11,250원",청소년 문학
[예스리커버] 프레임,최인철 저,21세기북스,9.6,150,"| 판매지수 67,644 판매지수란?","22,000원","19,800원",처세술/삶의 자...
용의자 X의 헌신,히가시노 게이고 저/양억관 역,재인,9.5,323,"| 판매지수 48,135 판매지수란?","18,800원","16,920원",장르소설
면도날,윌리엄 서머싯 몸 저/안진환 역,민음사,9.7,207,"| 판매지수 34,329 판매지수란?","13,000원","11,700원",영미소설
소년이 온다 1 (큰글자책),한강 저,창비,6.6,7,"| 판매지수 19,956 판매지수란?","19,000원","19,000원",한국소설
이찬원의 커튼콜,조성진 저,북오션,10.0,4,"| 판매지수 10,728 판매지수란?","20,000원","18,000원",대중음악
열혈강호 91,전극진 글/양재현 그림,대원,9.6,50,"| 판매지수 34,689 판매지수란?","5,500원","4,950원",액션
츠츠츠츠,이지은 글그림,사계절,9.9,67,"| 판매지수 51,441 판매지수란?","16,800원","15,120원",4-6세
역행자 확장판,자청 저,웅진지식하우스,8.5,911,"| 판매지수 170,160 판매지수란?","19,500원","17,550원",성공학/경력관리
삐뽀삐뽀 119 이유식,하정훈 저,유니책방,9.8,113,"| 판매지수 79,971 판매지수란?","18,900원","17,010원",육아
동물농장,조지 오웰 저/도정일 역,민음사,9.5,684,"| 판매지수 66,144 판매지수란?","8,000원","7,200원",영미소설
"도망가자, 바다면 더 좋고",맺음 저,일단,9.6,5,"| 판매지수 14,865 판매지수란?","17,000원","15,300원",한국 에세이
난처한 미술 이야기 8,양정무 저,사회평론,10.0,20,"| 판매지수 19,830 판매지수란?","28,000원","25,200원",미술
0세~10세 영어 원서 필독서 100,고은영 저,센시오,10.0,12,"| 판매지수 5,322 판매지수란?","22,000원","19,800원",자녀교육
"디즈니, 픽사 베스트 컬렉션 - 인사이드 아웃 2 Inside Out 2",라이언 박 해설,길벗이지톡,10.0,11,"| 판매지수 25,191 판매지수란?","26,000원","23,400원",영어
지금 사랑한다고 말하세요,김창옥 저,수오서재,9.9,45,"| 판매지수 26,028 판매지수란?","18,000원","16,200원",처세술/삶의 자...
와일드 로봇의 보호,피터 브라운 글그림/이정희 역,거북이북스,10.0,17,"| 판매지수 17,460 판매지수란?","16,800원","15,120원",5-6학년
도시와 그 불확실한 벽,무라카미 하루키 저/홍은주 역,문학동네,9.2,664,"| 판매지수 138,357 판매지수란?","19,500원","17,550원",일본소설
일본어 문법 무작정 따라하기,후지이 아사리 저,길벗이지톡,9.5,104,"| 판매지수 51,957 판매지수란?","26,000원","23,400원",일본어
이토록 친밀한 배신자,마사 스타우트 저/이원천 역,사계절,9.7,40,"| 판매지수 12,996 판매지수란?","16,800원","15,120원",심리
"그리다가, 뭉클",이기주 저,터닝페이지,9.9,144,"| 판매지수 39,924 판매지수란?","18,500원","16,650원",예술 에세이
인형 이야기,루머 고든 글/폴린 베인스 그림/햇살과나무꾼 역,비룡소,10.0,9,"| 판매지수 15,390 판매지수란?","15,000원","13,500원",3-4학년
든든한 수프 상담소,"김은채, 김은화, 방혜리 저",피치북스,9.7,130,"| 판매지수 3,090 판매지수란?","16,800원","15,120원",한국 에세이
피벗의 시대 2025년 경제전망,김광석 저,이든하우스,8.9,7,"| 판매지수 33,111 판매지수란?","20,000원","18,000원",경제
"배당투자, 나는 50에 은퇴했다",쭈압(정영주) 저,체인지업,9.1,51,"| 판매지수 37,890 판매지수란?","19,800원","17,820원",투자/재테크
히든 픽처스,제이슨 르쿨락 저/유소영 역,문학수첩,9.7,43,"| 판매지수 20,937 판매지수란?","14,000원","12,600원",장르소설
이동 평균선 투자법,고지로 강사 저/김정환 역,이레미디어,9.1,120,"| 판매지수 63,060 판매지수란?","17,000원","15,300원",투자/재테크
흐르는 강물처럼,셸리 리드 저/김보람 역,다산책방,9.7,795,"| 판매지수 70,389 판매지수란?","17,000원","15,300원",영미소설
NEW 미꽃체 손글씨 노트,최현미 저,시원북스,9.5,107,"| 판매지수 82,149 판매지수란?","16,700원","15,030원",취미기타
네 기분은 어떤 색깔이니?,최숙희 글그림,책읽는곰,9.9,81,"| 판매지수 54,495 판매지수란?","14,000원","12,600원",4-6세
지적 대화를 위한 넓고 얕은 지식 2,채사장 저,웨일북,9.5,251,"| 판매지수 71,976 판매지수란?","16,000원","14,400원",인문/교양
긴 호흡,메리 올리버 저/민승남 역,마음산책,9.3,30,"| 판매지수 14,355 판매지수란?","13,000원","11,700원",외국 에세이
지방 대사 켜는 스위치온 다이어트,박용우 저,루미너스,9.5,131,"| 판매지수 28,569 판매지수란?","16,000원","14,400원",다이어트/미용
설민석의 그리스 로마 신화 대모험 9,"설민석, 남이담 글/라임스튜디오 그림/김헌 감수",단꿈아이,9.9,115,"| 판매지수 15,594 판매지수란?","13,000원","11,700원",1-2학년
햇빛초 대나무 숲의 모든 글이 삭제되었습니다,황지영 글/백두리 그림,우리학교,10.0,48,"| 판매지수 41,346 판매지수란?","14,500원","13,050원",3-4학년
법상의 슬기로운 생활수행,법상 저,열림원,10.0,1,"| 판매지수 4,530 판매지수란?","18,000원","16,200원",한국 에세이
곽수종 박사의 경제대예측 2025 - 2029,곽수종 저,메이트북스,9.6,25,"| 판매지수 12,063 판매지수란?","19,800원","17,820원",경제
더 디너,헤르만 코흐 저/강명순 역,민음사,10.0,5,"| 판매지수 13,221 판매지수란?","17,000원","15,300원",독일소설
사라진 근대사 100장면 ② 반동의 시대,박종인 저,와이즈맵,9.7,6,"| 판매지수 19,554 판매지수란?","19,800원","17,820원",한국사/한국문화
소맥거핀 일상 만화 1,소맥거핀 원저/윤종문 글그림/샌드박스 네트워크 감수,위즈덤하우스,9.7,19,"| 판매지수 16,161 판매지수란?","14,000원","12,600원",3-4학년
처음 읽는 그리스 로마 신화 12,최설희 글/한현동 그림/정수영 편,미래엔아이세움,9.9,88,"| 판매지수 38,676 판매지수란?","15,500원","13,950원",1-2학년
2025 선재국어 예상 기출서 1,"이선재, 선재국어연구소 편저",에스티유니타스,9.9,87,"| 판매지수 35,958 판매지수란?","23,000원","20,700원",공무원
아가미 (리커버),구병모 저,위즈덤하우스,9.5,470,"| 판매지수 25,149 판매지수란?","14,800원","13,320원",한국소설
미움받을 용기 (200만 부 기념 스페셜 에디션),"기시미 이치로, 고가 후미타케 저/전경아 역/김정운 감수",인플루엔셜,9.2,"2,192","| 판매지수 74,856 판매지수란?","15,900원","14,310원",심리
기분이 태도가 되지 말자,김수현(훈글) 저,하이스트,8.8,132,"| 판매지수 76,740 판매지수란?","16,000원","14,400원",삶의 자세와 지...
JLPT(일본어능력시험) 한권으로 끝내기 N5,"이치우, 이한나 저",다락원,9.7,71,"| 판매지수 47,997 판매지수란?","27,000원","24,300원",일본어
ETS 토익 단기공략 850+ (LC+RC),ETS 저,YBM(와이비엠),9.6,109,"| 판매지수 55,440 판매지수란?","19,500원","17,550원",영어
어디 있을까? 숨은그림찾기 1000,레이크 프레스 기획,길벗스쿨,9.7,167,"| 판매지수 75,696 판매지수란?","8,800원","7,920원",4-6세
어떻게 말해줘야 할까,오은영 저/차상미 그림,김영사,9.7,858,"| 판매지수 41,064 판매지수란?","19,800원","17,820원",육아
수레바퀴 아래서 : 오리지널 초판본 표지디자인,헤르만 헤세 저,코너스톤(도서),9.6,136,"| 판매지수 43,680 판매지수란?","7,500","3,300원",독일소설
행복의 조건,조지 베일런트 저/이시형 감수,프런티어,9.2,146,"| 판매지수 9,702 판매지수란?","19,000원","17,100원",인문/교양
미국을 안다는 착각,김봉중 저,빅피시,9.7,19,"| 판매지수 10,164 판매지수란?","18,800원","16,920원",정치/외교
2025 이동기 영어 실전 어휘&생활영어 200제,(주)이앤미래(이동기) 편저,에스티유니타스,10.0,11,"| 판매지수 19,458 판매지수란?","18,000원","16,200원",공무원
늪 100층짜리 집,이와이 도시오 글그림/김숙 역,북뱅크,9.8,83,"| 판매지수 47,565 판매지수란?","15,000원","13,500원",4-6세
